<Ui xmlns="http://www.blizzard.com/wow/ui/" xmlns:xsi="http://www.w3.org/2001/XMLSchema-instance" xsi:schemaLocation="http://www.blizzard.com/wow/ui/
C:\Projects\WoW\Bin\Interface\FrameXML\UI.xsd">
  <Script file="Achievements.lua" />
  <Button name="AchievementsTitleButtonTemplate" virtual="true">
		<Size>
			<AbsDimension x="300" y="16"/>
		</Size>
		<Layers>
			<Layer level="BACKGROUND">
				<FontString name="$parentTag" inherits="GameFontNormal" justifyH="RIGHT">
					<Size>
						<AbsDimension x="80" y="16"/>
					</Size>
					<Anchors>
						<Anchor point="RIGHT">
							<Offset>
								<AbsDimension x="-2" y="0"/>
							</Offset>
						</Anchor>
					</Anchors>
				</FontString>
			</Layer>
		</Layers>
		<Scripts>
			<OnClick>
				AchievementsTitle_OnClick(arg1)
			</OnClick>
		</Scripts>
		<NormalTexture file="Interface\Buttons\UI-MinusButton-UP">
			<Size>
				<AbsDimension x="16" y="16"/>
			</Size>
			<Anchors>
				<Anchor point="LEFT">
					<Offset>
						<AbsDimension x="3" y="0"/>
					</Offset>
				</Anchor>
			</Anchors>
		</NormalTexture>
		<HighlightTexture name="$parentHighlight" file="Interface\Buttons\UI-PlusButton-Hilight" alphaMode="ADD">
			<Size>
				<AbsDimension x="16" y="16"/>
			</Size>
			<Anchors>
				<Anchor point="LEFT">
					<Offset>
						<AbsDimension x="3" y="0"/>
					</Offset>
				</Anchor>
			</Anchors>
		</HighlightTexture>
		<NormalText name="$parentNormalText" inherits="GameFontNormal" justifyH="LEFT">
			<Size>
				<AbsDimension x="275" y="12"/>
			</Size>
			<Anchors>
				<Anchor point="LEFT">
					<Offset>
						<AbsDimension x="20" y="0"/>
					</Offset>
				</Anchor>
			</Anchors> 
		</NormalText>
		<HighlightText name="$parentHighlightText" inherits="GameFontHighlight" justifyH="LEFT">
			<Size>
				<AbsDimension x="275" y="12"/>
			</Size>
			<Anchors>
				<Anchor point="LEFT">
					<Offset>
						<AbsDimension x="20" y="0"/>
					</Offset>
				</Anchor>
			</Anchors>
		</HighlightText>
		<DisabledText name="$parentDisabledText" inherits="GameFontHighlight" justifyH="LEFT">
			<Size>
				<AbsDimension x="275" y="12"/>
			</Size>
			<Anchors>
				<Anchor point="LEFT">
					<Offset>
						<AbsDimension x="20" y="0"/>
					</Offset>
				</Anchor>
			</Anchors>
		</DisabledText>
	</Button>
  <Frame name="AchievementsFrame" toplevel="true" enableMouse="true" movable="true" parent="UIParent" hidden="true">
    <Size>
      <AbsDimension x="768" y="512" />
    </Size>
    <Anchors>
      <Anchor point="TOPLEFT">
        <Offset>
          <AbsDimension x="0" y="-104" /> 
        </Offset>
      </Anchor>
    </Anchors>
    <HitRectInsets>
      <AbsInset left="0" right="35" top="0" bottom="75" /> 
    </HitRectInsets>
    <Layers>
      <Layer level="BACKGROUND">
				<Texture name="AchievementsPortrait">
					<Size>
						<AbsDimension x="64" y="64"/>
					</Size>
					<Anchors>
						<Anchor point="TOPLEFT">
							<Offset>
								<AbsDimension x="4" y="-4"/>
							</Offset>
						</Anchor>
					</Anchors>
				</Texture>		
			</Layer>
      <Layer level="ARTWORK">
        <Texture file="Interface\AddOns\Achievements\UI-QuestLogDualPane-Left">
          <Size>
            <AbsDimension x="512" y="512" />
          </Size>
          <Anchors>
            <Anchor point="TOPLEFT" />
          </Anchors>
        </Texture>
        <Texture file="Interface\AddOns\Achievements\UI-QuestLogDualPane-Right">
          <Size>
            <AbsDimension x="256" y="512" />
          </Size>
          <Anchors>
            <Anchor point="TOPRIGHT" />
          </Anchors>
        </Texture>
				<FontString name="AchievementsTitleText" inherits="GameFontHighlight" text="Achievements">
					<Size>
						<AbsDimension x="450" y="14"/>
					</Size>
					<Anchors>
						<Anchor point="TOP" relativeTo="AchievementsFrame" relativePoint="TOP">
							<Offset>
								<AbsDimension x="0" y="-15"/>
							</Offset>
						</Anchor>
					</Anchors>
				</FontString>
      </Layer>
    </Layers>
    <Frames>
      <Frame name="AchievementsHighlightFrame" hidden="true">
				<Size>
					<AbsDimension x="293" y="16"/>
				</Size>
				<Anchors>
					<Anchor point="TOPLEFT"/>
				</Anchors>
				<Layers>
					<Layer level="ARTWORK">
						<Texture name="AchievementSkillHighlight" file="Interface\QuestFrame\UI-QuestLogTitleHighlight" alphaMode="ADD"/>
					</Layer>
				</Layers>
			</Frame>
      <Button name="AchievementsFrameCloseButton" inherits="UIPanelCloseButton">
        <Anchors>
          <Anchor point="TOPRIGHT" relativeTo="AchievementsFrame" relativePoint="TOPRIGHT">
            <Offset>
              <AbsDimension x="-85" y="-8" /> 
            </Offset>
          </Anchor>
        </Anchors>
      </Button>
      <Button name="AchievementsFrameExitButton" inherits="UIPanelButtonTemplate" text="EXIT">
				<Size>
					<AbsDimension x="77" y="21"/>
				</Size>
				<Anchors>
					<Anchor point="BOTTOMRIGHT" relativeTo="AchievementsFrame" relativePoint="BOTTOMRIGHT">
						<Offset>
							<AbsDimension x="-96" y="80"/>
						</Offset>
					</Anchor>
				</Anchors>
				<Scripts>
					<OnClick>AchievementsFrame:Hide()</OnClick>
				</Scripts>
			</Button>
      <FontString name="CurrentQuestsText" inherits="QuestTitleFont" text="CURRENT_QUESTS" justifyH="LEFT">
        <Size>
          <AbsDimension x="300" y="0"/>
        </Size>
        <Anchors>
          <Anchor point="TOPLEFT" relativeTo="GreetingText" relativePoint="BOTTOMLEFT">
            <Offset>
              <AbsDimension x="0" y="-10"/>
            </Offset>
          </Anchor>
        </Anchors>
      </FontString>
      <Button name="AchievementsTitle1" inherits="AchievementsTitleButtonTemplate" id="1" hidden="true">
				<Anchors>
					<Anchor point="TOPLEFT" relativeTo="QuestLogFrame">
						<Offset>
							<AbsDimension x="19" y="-75"/>
						</Offset>
					</Anchor>
				</Anchors>
			</Button>
      <Button name="AchievementsTitle2" inherits="AchievementsTitleButtonTemplate" id="2" hidden="true">
				<Anchors>
					<Anchor point="TOPLEFT" relativeTo="AchievementsTitle1" relativePoint="BOTTOMLEFT">
						<Offset>
							<AbsDimension x="0" y="1"/>
						</Offset>
					</Anchor>
				</Anchors>
			</Button>
      <Button name="AchievementsTitle3" inherits="AchievementsTitleButtonTemplate" id="3" hidden="true">
				<Anchors>
					<Anchor point="TOPLEFT" relativeTo="AchievementsTitle2" relativePoint="BOTTOMLEFT">
						<Offset>
							<AbsDimension x="0" y="1"/>
						</Offset>
					</Anchor>
				</Anchors>
			</Button>
      <Button name="AchievementsTitle4" inherits="AchievementsTitleButtonTemplate" id="4" hidden="true">
				<Anchors>
					<Anchor point="TOPLEFT" relativeTo="AchievementsTitle3" relativePoint="BOTTOMLEFT">
						<Offset>
							<AbsDimension x="0" y="1"/>
						</Offset>
					</Anchor>
				</Anchors>
			</Button>
      <Button name="AchievementsTitle5" inherits="AchievementsTitleButtonTemplate" id="5" hidden="true">
				<Anchors>
					<Anchor point="TOPLEFT" relativeTo="AchievementsTitle4" relativePoint="BOTTOMLEFT">
						<Offset>
							<AbsDimension x="0" y="1"/>
						</Offset>
					</Anchor>
				</Anchors>
			</Button>
      <Button name="AchievementsTitle6" inherits="AchievementsTitleButtonTemplate" id="6" hidden="true">
				<Anchors>
					<Anchor point="TOPLEFT" relativeTo="AchievementsTitle5" relativePoint="BOTTOMLEFT">
						<Offset>
							<AbsDimension x="0" y="1"/>
						</Offset>
					</Anchor>
				</Anchors>
			</Button>
      <Button name="AchievementsTitle7" inherits="AchievementsTitleButtonTemplate" id="7" hidden="true">
				<Anchors>
					<Anchor point="TOPLEFT" relativeTo="AchievementsTitle6" relativePoint="BOTTOMLEFT">
						<Offset>
							<AbsDimension x="0" y="1"/>
						</Offset>
					</Anchor>
				</Anchors>
			</Button>
      <Button name="AchievementsTitle8" inherits="AchievementsTitleButtonTemplate" id="8" hidden="true">
				<Anchors>
					<Anchor point="TOPLEFT" relativeTo="AchievementsTitle7" relativePoint="BOTTOMLEFT">
						<Offset>
							<AbsDimension x="0" y="1"/>
						</Offset>
					</Anchor>
				</Anchors>
			</Button>
      <Button name="AchievementsTitle9" inherits="AchievementsTitleButtonTemplate" id="9" hidden="true">
				<Anchors>
					<Anchor point="TOPLEFT" relativeTo="AchievementsTitle8" relativePoint="BOTTOMLEFT">
						<Offset>
							<AbsDimension x="0" y="1"/>
						</Offset>
					</Anchor>
				</Anchors>
			</Button>
      <Button name="AchievementsTitle10" inherits="AchievementsTitleButtonTemplate" id="10" hidden="true">
				<Anchors>
					<Anchor point="TOPLEFT" relativeTo="AchievementsTitle9" relativePoint="BOTTOMLEFT">
						<Offset>
							<AbsDimension x="0" y="1"/>
						</Offset>
					</Anchor>
				</Anchors>
			</Button>
      <Button name="AchievementsTitle11" inherits="AchievementsTitleButtonTemplate" id="11" hidden="true">
				<Anchors>
					<Anchor point="TOPLEFT" relativeTo="AchievementsTitle10" relativePoint="BOTTOMLEFT">
						<Offset>
							<AbsDimension x="0" y="1"/>
						</Offset>
					</Anchor>
				</Anchors>
			</Button>
      <Button name="AchievementsTitle12" inherits="AchievementsTitleButtonTemplate" id="12" hidden="true">
				<Anchors>
					<Anchor point="TOPLEFT" relativeTo="AchievementsTitle11" relativePoint="BOTTOMLEFT">
						<Offset>
							<AbsDimension x="0" y="1"/>
						</Offset>
					</Anchor>
				</Anchors>
			</Button>
      <Button name="AchievementsTitle13" inherits="AchievementsTitleButtonTemplate" id="13" hidden="true">
				<Anchors>
					<Anchor point="TOPLEFT" relativeTo="AchievementsTitle12" relativePoint="BOTTOMLEFT">
						<Offset>
							<AbsDimension x="0" y="1"/>
						</Offset>
					</Anchor>
				</Anchors>
			</Button>
      <Button name="AchievementsTitle14" inherits="AchievementsTitleButtonTemplate" id="14" hidden="true">
				<Anchors>
					<Anchor point="TOPLEFT" relativeTo="AchievementsTitle13" relativePoint="BOTTOMLEFT">
						<Offset>
							<AbsDimension x="0" y="1"/>
						</Offset>
					</Anchor>
				</Anchors>
			</Button>
      <Button name="AchievementsTitle15" inherits="AchievementsTitleButtonTemplate" id="15" hidden="true">
				<Anchors>
					<Anchor point="TOPLEFT" relativeTo="AchievementsTitle14" relativePoint="BOTTOMLEFT">
						<Offset>
							<AbsDimension x="0" y="1"/>
						</Offset>
					</Anchor>
				</Anchors>
			</Button>
      <Button name="AchievementsTitle16" inherits="AchievementsTitleButtonTemplate" id="16" hidden="true">
				<Anchors>
					<Anchor point="TOPLEFT" relativeTo="AchievementsTitle15" relativePoint="BOTTOMLEFT">
						<Offset>
							<AbsDimension x="0" y="1"/>
						</Offset>
					</Anchor>
				</Anchors>
			</Button>
      <Button name="AchievementsTitle17" inherits="AchievementsTitleButtonTemplate" id="17" hidden="true">
				<Anchors>
					<Anchor point="TOPLEFT" relativeTo="AchievementsTitle16" relativePoint="BOTTOMLEFT">
						<Offset>
							<AbsDimension x="0" y="1"/>
						</Offset>
					</Anchor>
				</Anchors>
			</Button>
      <Button name="AchievementsTitle18" inherits="AchievementsTitleButtonTemplate" id="18" hidden="true">
				<Anchors>
					<Anchor point="TOPLEFT" relativeTo="AchievementsTitle17" relativePoint="BOTTOMLEFT">
						<Offset>
							<AbsDimension x="0" y="1"/>
						</Offset>
					</Anchor>
				</Anchors>
			</Button>
      <Button name="AchievementsTitle19" inherits="AchievementsTitleButtonTemplate" id="19" hidden="true">
				<Anchors>
					<Anchor point="TOPLEFT" relativeTo="AchievementsTitle18" relativePoint="BOTTOMLEFT">
						<Offset>
							<AbsDimension x="0" y="1"/>
						</Offset>
					</Anchor>
				</Anchors>
			</Button>
      <Button name="AchievementsTitle20" inherits="AchievementsTitleButtonTemplate" id="20" hidden="true">
				<Anchors>
					<Anchor point="TOPLEFT" relativeTo="AchievementsTitle19" relativePoint="BOTTOMLEFT">
						<Offset>
							<AbsDimension x="0" y="1"/>
						</Offset>
					</Anchor>
				</Anchors>
			</Button>
      <Button name="AchievementsTitle21" inherits="AchievementsTitleButtonTemplate" id="21" hidden="true">
				<Anchors>
					<Anchor point="TOPLEFT" relativeTo="AchievementsTitle20" relativePoint="BOTTOMLEFT">
						<Offset>
							<AbsDimension x="0" y="1"/>
						</Offset>
					</Anchor>
				</Anchors>
			</Button>
      <Button name="AchievementsTitle22" inherits="AchievementsTitleButtonTemplate" id="22" hidden="true">
				<Anchors>
					<Anchor point="TOPLEFT" relativeTo="AchievementsTitle21" relativePoint="BOTTOMLEFT">
						<Offset>
							<AbsDimension x="0" y="1"/>
						</Offset>
					</Anchor>
				</Anchors>
			</Button>
      <ScrollFrame name="AchievementsListScrollFrame" inherits="FauxScrollFrameTemplate">
				<Size>
					<AbsDimension x="300" y="336"/>
				</Size>
				<Anchors>
					<Anchor point="TOPLEFT" relativeTo="QuestLogFrame">
						<Offset>
							<AbsDimension x="20" y="-74"/>
						</Offset>
					</Anchor>
				</Anchors>
				<Scripts>
					<OnVerticalScroll>
						FauxScrollFrame_OnVerticalScroll(16, AchievementsFrame_Update);
					</OnVerticalScroll>
				</Scripts>
			</ScrollFrame>
      <ScrollFrame name="AchievementsDetailScrollFrame" inherits="UIPanelScrollFrameTemplate">
				<Size>
					<AbsDimension x="300" y="336"/>
				</Size>
				<Anchors>
					<Anchor point="TOPLEFT" relativeTo="AchievementsListScrollFrame" relativePoint="TOPRIGHT">
						<Offset>
							<AbsDimension x="30" y="0"/>
						</Offset>
					</Anchor>
				</Anchors>
				<ScrollChild>
					<Frame name="AchievementsDetailScrollChildFrame">
						<Size>
							<AbsDimension x="300" y="336"/>
						</Size>
            <Layers>
							<Layer level="BACKGROUND">
								<FontString name="AchievementsQuestTitle" inherits="QuestTitleFont" justifyH="LEFT" text="Achievements title">
									<Size>
										<AbsDimension x="285" y="0"/>
									</Size>
									<Anchors>
										<Anchor point="TOPLEFT">
											<Offset>
												<AbsDimension x="5" y="-5"/>
											</Offset>
										</Anchor>
									</Anchors>
								</FontString>
                <FontString name="AchievementsStatus1" inherits="QuestFontNormalSmall" justifyH="LEFT" text="Status">
									<Size>
										<AbsDimension x="285" y="0"/>
									</Size>
									<Anchors>
										<Anchor point="TOPLEFT" relativeTo="AchievementsQuestTitle" relativePoint="BOTTOMLEFT">
											<Offset>
												<AbsDimension x="0" y="-10"/>
											</Offset>
										</Anchor>
									</Anchors>
								</FontString>
                <FontString name="AchievementsDescriptionTitle" inherits="QuestTitleFont" justifyH="LEFT" text="QUEST_DESCRIPTION">
									<Size>
										<AbsDimension x="285" y="0"/>
									</Size>
									<Anchors>
										<Anchor point="TOPLEFT" relativeTo="AchievementsStatus1" relativePoint="BOTTOMLEFT">
											<Offset>
												<AbsDimension x="0" y="-10"/>
											</Offset>
										</Anchor>
									</Anchors>
								</FontString>
								<FontString name="AchievementsQuestDescription" inherits="QuestFont" justifyH="LEFT">
									<Size>
										<AbsDimension x="270" y="0"/>
									</Size>
									<Anchors>
										<Anchor point="TOPLEFT" relativeTo="AchievementsDescriptionTitle" relativePoint="BOTTOMLEFT">
											<Offset>
												<AbsDimension x="0" y="-5"/>
											</Offset>
										</Anchor>
									</Anchors>
								</FontString>
              </Layer>
            </Layers>
          </Frame>
        </ScrollChild>
      </ScrollFrame>
    </Frames>
    <Scripts>
      <OnShow>
        AchievementsFrame_OnShow()
      </OnShow>
    </Scripts>
  </Frame>
</Ui>