{
  "id": 3,
  "title": "Network",
  "originalTitle": "Network",
  "tags": [],
  "style": "dark",
  "timezone": "browser",
  "editable": true,
  "hideControls": false,
  "sharedCrosshair": false,
  "rows": [
    {
      "collapse": false,
      "editable": true,
      "height": "250px",
      "panels": [
        {
          "aliasColors": {},
          "bars": false,
          "datasource": "Influx",
          "editable": true,
          "error": false,
          "fill": 1,
          "grid": {
            "leftLogBase": 1,
            "leftMax": null,
            "leftMin": null,
            "rightLogBase": 1,
            "rightMax": null,
            "rightMin": null,
            "threshold1": null,
            "threshold1Color": "rgba(216, 200, 27, 0.27)",
            "threshold2": null,
            "threshold2Color": "rgba(234, 112, 112, 0.22)"
          },
          "id": 1,
          "isNew": true,
          "legend": {
            "avg": false,
            "current": false,
            "max": false,
            "min": false,
            "show": true,
            "total": false,
            "values": false
          },
          "lines": true,
          "linewidth": 2,
          "links": [],
          "nullPointMode": "connected",
          "percentage": false,
          "pointradius": 5,
          "points": false,
          "renderer": "flot",
          "seriesOverrides": [],
          "span": 12,
          "stack": false,
          "steppedLine": false,
          "targets": [
            {
              "alias": "Processed packets",
              "dsType": "influxdb",
              "groupBy": [
                {
                  "params": [
                    "$interval"
                  ],
                  "type": "time"
                },
                {
                  "params": [
                    "0"
                  ],
                  "type": "fill"
                }
              ],
              "measurement": "processed_packets",
              "query": "SELECT sum(\"value\") FROM \"processed_packets\" WHERE \"realm\" =~ /$realm$/ AND $timeFilter GROUP BY time($interval) fill(0)",
              "refId": "A",
              "resultFormat": "time_series",
              "select": [
                [
                  {
                    "params": [
                      "value"
                    ],
                    "type": "field"
                  },
                  {
                    "params": [],
                    "type": "sum"
                  }
                ]
              ],
              "tags": [
                {
                  "key": "realm",
                  "operator": "=~",
                  "value": "/$realm$/"
                }
              ]
            },
            {
              "alias": "Processed packets / mean per session",
              "dsType": "influxdb",
              "groupBy": [
                {
                  "params": [
                    "$interval"
                  ],
                  "type": "time"
                },
                {
                  "params": [
                    "0"
                  ],
                  "type": "fill"
                }
              ],
              "measurement": "processed_packets",
              "query": "SELECT mean(\"value\") FROM \"processed_packets\" WHERE \"realm\" =~ /$realm$/ AND $timeFilter GROUP BY time($interval) fill(0)",
              "refId": "B",
              "resultFormat": "time_series",
              "select": [
                [
                  {
                    "params": [
                      "value"
                    ],
                    "type": "field"
                  },
                  {
                    "params": [],
                    "type": "mean"
                  }
                ]
              ],
              "tags": [
                {
                  "key": "realm",
                  "operator": "=~",
                  "value": "/$realm$/"
                }
              ]
            }
          ],
          "timeFrom": null,
          "timeShift": null,
          "title": "Processed packets",
          "tooltip": {
            "shared": true,
            "value_type": "cumulative"
          },
          "type": "graph",
          "x-axis": true,
          "y-axis": true,
          "y_formats": [
            "short",
            "short"
          ]
        }
      ],
      "title": "Row"
    }
  ],
  "time": {
    "from": "now-15m",
    "to": "now"
  },
  "timepicker": {
    "now": true,
    "refresh_intervals": [
      "5s",
      "10s",
      "30s",
      "1m",
      "5m",
      "15m",
      "30m",
      "1h",
      "2h",
      "1d"
    ],
    "time_options": [
      "5m",
      "15m",
      "1h",
      "6h",
      "12h",
      "24h",
      "2d",
      "7d",
      "30d"
    ]
  },
  "templating": {
    "list": [
      {
        "allFormat": "regex values",
        "current": {
          "text": "Trinity",
          "value": "Trinity"
        },
        "datasource": "Influx",
        "includeAll": false,
        "multi": false,
        "multiFormat": "regex values",
        "name": "realm",
        "options": [
          {
            "text": "Trinity",
            "value": "Trinity",
            "selected": true
          }
        ],
        "query": "show tag values from events with key = realm",
        "refresh": true,
        "type": "query"
      }
    ]
  },
  "annotations": {
    "list": [
      {
        "datasource": "Influx",
        "enable": true,
        "iconColor": "#C0C6BE",
        "iconSize": 13,
        "lineColor": "rgba(255, 96, 96, 0.592157)",
        "name": "Global Events",
        "query": "select title, text from events where $timeFilter and realm =~ /$realm$/",
        "showLine": true,
        "textColumn": "text",
        "titleColumn": "title"
      }
    ]
  },
  "refresh": "1m",
  "schemaVersion": 8,
  "version": 7,
  "links": []
}