<Ui xmlns:xsi="http://www.w3.org/2001/XMLSchema-instance" xmlns:xsd="http://www.w3.org/2001/XMLSchema" xmlns="http://www.blizzard.com/wow/ui/">
  <Button name="CommandButtonTemplate" virtual="true">
    <Size>
      <AbsDimension x="136" y="20"/>
    </Size>
    <Layers>
      <Layer level="BACKGROUND">
        <Texture name="$parentLines" file="Interface\AuctionFrame\UI-AuctionFrame-FilterLines">
          <Size>
            <AbsDimension x="7" y="20"/>
          </Size>
          <Anchors>
            <Anchor point="LEFT">
              <Offset>
                <AbsDimension x="13" y="0"/>
              </Offset>
            </Anchor>
          </Anchors>
          <TexCoords left="0" right="0.4375" top="0" bottom="0.625"/>
        </Texture>
      </Layer>
    </Layers>
    <NormalTexture name="$parentNormalTexture" file="Interface\AuctionFrame\UI-AuctionFrame-FilterBg">
      <TexCoords left="0" right="0.53125" top="0" bottom="0.625"/>
    </NormalTexture>
    <HighlightTexture file="Interface\PaperDollInfoFrame\UI-Character-Tab-Highlight" alphaMode="ADD"/>
    <NormalText name="$parentNormalText" inherits="GameFontNormalSmall" justifyH="LEFT">
      <Anchors>
        <Anchor point="LEFT">
          <Offset>
            <AbsDimension x="4" y="0"/>
          </Offset>
        </Anchor>
      </Anchors>
    </NormalText>
    <HighlightText name="$parentHighlightText" inherits="GameFontHighlightSmall" justifyH="LEFT">
      <Anchors>
        <Anchor point="LEFT">
          <Offset>
            <AbsDimension x="4" y="0"/>
          </Offset>
        </Anchor>
      </Anchors>
    </HighlightText>
  </Button>
  <!--DataTable template-->
  <Button name="DataButtonTemplate" virtual="true">
    <Size>
      <AbsDimension x="513" y="26"/>
    </Size>
    <Layers>
      <Layer level="BORDER">
        <Texture name="$parentLeft" file="Interface\AuctionFrame\UI-AuctionItemNameFrame">
          <Size>
            <AbsDimension x="10" y="25"/>
          </Size>
          <Anchors>
            <Anchor point="LEFT">
              <Offset>
                <AbsDimension x="0" y="1"/>
              </Offset>
            </Anchor>
          </Anchors>
          <TexCoords left="0" right="0.078125" top="0" bottom="1.0"/>
        </Texture>
        <Texture name="$parentRight" file="Interface\AuctionFrame\UI-AuctionItemNameFrame">
          <Size>
            <AbsDimension x="10" y="25"/>
          </Size>
          <Anchors>
            <Anchor point="RIGHT">
              <Offset>
                <AbsDimension x="0" y="1"/>
              </Offset>
            </Anchor>
          </Anchors>
          <TexCoords left="0.75" right="0.828125" top="0" bottom="1.0"/>
        </Texture>
        <Texture file="Interface\AuctionFrame\UI-AuctionItemNameFrame">
          <Size>
            <AbsDimension x="10" y="25"/>
          </Size>
          <Anchors>
            <Anchor point="LEFT" relativeTo="$parentLeft" relativePoint="RIGHT">
              <Offset>
                <AbsDimension x="0" y="0"/>
              </Offset>
            </Anchor>
            <Anchor point="RIGHT" relativeTo="$parentRight" relativePoint="LEFT">
              <Offset>
                <AbsDimension x="0" y="0"/>
              </Offset>
            </Anchor>
          </Anchors>
          <TexCoords left="0.078125" right="0.75" top="0" bottom="1.0"/>
        </Texture>
      </Layer>
    </Layers>
    <HighlightTexture file="Interface\HelpFrame\HelpFrameButton-Highlight" alphaMode="ADD">
      <Size>
        <AbsDimension x="513" y="25"/>
      </Size>
      <Anchors>
        <Anchor point="TOPLEFT">
          <Offset>
            <AbsDimension x="0" y="0"/>
          </Offset>
        </Anchor>
      </Anchors>
      <TexCoords left="0" right="1.0" top="0" bottom="0.578125"/>
    </HighlightTexture>
  </Button>
  <!--SortButton template-->
  <Button name="DataSortButtonTemplate" virtual="true">
    <Layers>
      <Layer level="BACKGROUND">
        <Texture name="$parentLeft" file="Interface\FriendsFrame\WhoFrame-ColumnTabs">
          <Size>
            <AbsDimension x="5" y="19"/>
          </Size>
          <Anchors>
            <Anchor point="TOPLEFT"/>
          </Anchors>
          <TexCoords left="0" right="0.078125" top="0" bottom="0.59375"/>
        </Texture>
        <Texture name="$parentRight" file="Interface\FriendsFrame\WhoFrame-ColumnTabs">
          <Size>
            <AbsDimension x="4" y="19"/>
          </Size>
          <Anchors>
            <Anchor point="TOPRIGHT"/>
          </Anchors>
          <TexCoords left="0.90625" right="0.96875" top="0" bottom="0.59375"/>
        </Texture>
        <Texture name="$parentMiddle" file="Interface\FriendsFrame\WhoFrame-ColumnTabs">
          <Size>
            <AbsDimension x="10" y="19"/>
          </Size>
          <Anchors>
            <Anchor point="LEFT" relativeTo="$parentLeft" relativePoint="RIGHT"/>
            <Anchor point="RIGHT" relativeTo="$parentRight" relativePoint="LEFT"/>
          </Anchors>
          <TexCoords left="0.078125" right="0.90625" top="0" bottom="0.59375"/>
        </Texture>
      </Layer>
    </Layers>
    <NormalText name="$parentText" inherits="GameFontHighlightSmall">
      <Anchors>
        <Anchor point="LEFT">
          <Offset>
            <AbsDimension x="8" y="0"/>
          </Offset>
        </Anchor>
      </Anchors>
    </NormalText>
    <NormalTexture name="$parentArrow" file="Interface\Buttons\UI-SortArrow">
      <Size>
        <AbsDimension x="9" y="8"/>
      </Size>
      <Anchors>
        <Anchor point="LEFT" relativeTo="$parentText" relativePoint="RIGHT">
          <Offset>
            <AbsDimension x="3" y="-2"/>
          </Offset>
        </Anchor>
      </Anchors>
      <TexCoords left="0" right="0.5625" top="0" bottom="1.0"/>
    </NormalTexture>
    <HighlightTexture file="Interface\PaperDollInfoFrame\UI-Character-Tab-Highlight" alphaMode="ADD">
      <Size>
        <AbsDimension x="5" y="24"/>
      </Size>
      <Anchors>
        <Anchor point="LEFT">
          <Offset>
            <AbsDimension x="0" y="0"/>
          </Offset>
        </Anchor>
        <Anchor point="RIGHT">
          <Offset>
            <AbsDimension x="4" y="0"/>
          </Offset>
        </Anchor>
      </Anchors>
    </HighlightTexture>
  </Button>
</Ui>