<Ui xmlns:xsi="http://www.w3.org/2001/XMLSchema-instance" xmlns:xsd="http://www.w3.org/2001/XMLSchema" xmlns="http://www.blizzard.com/wow/ui/">

  <Frame name="GMRDropDown" virtual="true">
    <Size>
      <AbsDimension x="40" y="32"/>
    </Size>
    <Layers>
      <Layer level="ARTWORK">
        <Texture name="$parentLeft" file="Interface\Glues\CharacterCreate\CharacterCreate-LabelFrame">
          <Size>
            <AbsDimension x="25" y="64"/>
          </Size>
          <Anchors>
            <Anchor point="TOPLEFT">
              <Offset>
                <AbsDimension x="0" y="17"/>
              </Offset>
            </Anchor>
          </Anchors>
          <TexCoords left="0" right="0.1953125" top="0" bottom="1"/>
        </Texture>
        <Texture name="$parentMiddle" file="Interface\Glues\CharacterCreate\CharacterCreate-LabelFrame">
          <Size>
            <AbsDimension x="115" y="64"/>
          </Size>
          <Anchors>
            <Anchor point="LEFT" relativeTo="$parentLeft" relativePoint="RIGHT"/>
          </Anchors>
          <TexCoords left="0.1953125" right="0.8046875" top="0" bottom="1"/>
        </Texture>
        <Texture name="$parentRight" file="Interface\Glues\CharacterCreate\CharacterCreate-LabelFrame">
          <Size>
            <AbsDimension x="25" y="64"/>
          </Size>
          <Anchors>
            <Anchor point="LEFT" relativeTo="$parentMiddle" relativePoint="RIGHT"/>
          </Anchors>
          <TexCoords left="0.8046875" right="1" top="0" bottom="1"/>
        </Texture>
        <FontString name="$parentText" inherits="GameFontHighlightSmall" justifyH="LEFT">
          <Size>
            <AbsDimension x="0" y="10"/>
          </Size>
          <Anchors>
            <Anchor point="LEFT" relativeTo="$parentLeft">
              <Offset>
                <AbsDimension x="30" y="2"/>
              </Offset>
            </Anchor>
          </Anchors>
        </FontString>
      </Layer>
    </Layers>
    <Frames>
      <Button name="$parentButton">
        <Size>
          <AbsDimension x="24" y="24"/>
        </Size>
        <Anchors>
          <Anchor point="TOPRIGHT" relativeTo="$parentRight">
            <Offset>
              <AbsDimension x="-16" y="-18"/>
            </Offset>
          </Anchor>
        </Anchors>
        <NormalTexture name="$parentNormalTexture" file="Interface\ChatFrame\UI-ChatIcon-ScrollDown-Up">
          <Size>
            <AbsDimension x="24" y="24"/>
          </Size>
          <Anchors>
            <Anchor point="RIGHT"/>
          </Anchors>
        </NormalTexture>
        <PushedTexture name="$parentPushedTexture" file="Interface\ChatFrame\UI-ChatIcon-ScrollDown-Down">
          <Size>
            <AbsDimension x="24" y="24"/>
          </Size>
          <Anchors>
            <Anchor point="RIGHT"/>
          </Anchors>
        </PushedTexture>
        <DisabledTexture name="$parentDisabledTexture" file="Interface\ChatFrame\UI-ChatIcon-ScrollDown-Disabled">
          <Size>
            <AbsDimension x="24" y="24"/>
          </Size>
          <Anchors>
            <Anchor point="RIGHT"/>
          </Anchors>
        </DisabledTexture>
        <HighlightTexture name="$parentHighlightTexture" file="Interface\Buttons\UI-Common-MouseHilight" alphaMode="ADD">
          <Size>
            <AbsDimension x="24" y="24"/>
          </Size>
          <Anchors>
            <Anchor point="RIGHT"/>
          </Anchors>
        </HighlightTexture>
      </Button>
    </Frames>
  </Frame>
</Ui>