<?xml version="1.0"?>
<!-- $Id: dbclayout.xml 1 2011-07-55 21:39:18Z /dev/rsa $ -->
<DBFilesClient>
  <Spell build="12340">
    <index>
      <primary>Id</primary>
    </index>
    <field type="index" name="Id" method="read" />
    <field type="uint" name="School" method="read" />
    <field type="uint" name="Category" method="read" />
    <field type="uint" name="mcastUI" method="skip" />
    <field type="uint" name="Dispel" method="read" />
    <field type="uint" name="Mechanic" method="read" />
    <field type="uint" name="Attributes" method="read" />
    <field type="uint" name="AttributesEx" method="read" />
    <field type="uint" name="AttributesEx2" method="read" />
    <field type="uint" name="AttributesEx3" method="read" />
    <field type="uint" name="AttributesEx4" method="read" />
    <field type="uint" name="Stances" method="read" />
    <field type="uint" name="StancesNot" method="read" />
    <field type="uint" name="Targets" method="read" />
    <field type="uint" name="TargetCreatureType" method="read" />
    <field type="uint" name="RequiresSpellFocus" method="read" />
    <field type="uint" name="CasterAuraState" method="read" />
    <field type="uint" name="TargetAuraState" method="read" />
    <field type="uint" name="CastingTimeIndex" method="read" />
    <field type="uint" name="RecoveryTime" method="read" />
    <field type="uint" name="CategoryRecoveryTime" method="read" />
    <field type="uint" name="InterruptFlags" method="read" />
    <field type="uint" name="AuraInterruptFlags" method="read" />
    <field type="uint" name="ChannelInterruptFlags" method="read" />
    <field type="uint" name="ProcFlags" method="read" />
    <field type="uint" name="ProcChance" method="read" />
    <field type="uint" name="ProcCharges" method="read" />
    <field type="uint" name="MaxLevel" method="read" />
    <field type="uint" name="BaseLevel" method="read" />
    <field type="uint" name="SpellLevel" method="read" />
    <field type="uint" name="DurationIndex" method="read" />
    <field type="int" name="PowerType" method="read" />
    <field type="uint" name="ManaCost" method="read" />
    <field type="uint" name="ManaCostPerLevel" method="read" />
    <field type="uint" name="ManaPerSecond" method="read" />
    <field type="uint" name="ManaPerSecondPerLevel" method="read" />
    <field type="uint" name="RangeIndex" method="read" />
    <field type="float" name="Speed" method="read" />
    <field type="uint" name="ModalNextSpell" method="read" />
    <field type="uint" name="StackAmount" method="read" />
    <field type="uint" name="Totem1" method="read" />
    <field type="uint" name="Totem2" method="read" />
    <field type="int" name="Reagent1" method="read" />
    <field type="int" name="Reagent2" method="read" />
    <field type="int" name="Reagent3" method="read" />
    <field type="int" name="Reagent4" method="read" />
    <field type="int" name="Reagent5" method="read" />
    <field type="int" name="Reagent6" method="read" />
    <field type="int" name="Reagent7" method="read" />
    <field type="int" name="Reagent8" method="read" />
    <field type="int" name="ReagentCount1" method="read" />
    <field type="int" name="ReagentCount2" method="read" />
    <field type="int" name="ReagentCount3" method="read" />
    <field type="int" name="ReagentCount4" method="read" />
    <field type="int" name="ReagentCount5" method="read" />
    <field type="int" name="ReagentCount6" method="read" />
    <field type="int" name="ReagentCount7" method="read" />
    <field type="int" name="ReagentCount8" method="read" />
    <field type="int" name="EquippedItemClass" method="read" />
    <field type="int" name="EquippedItemSubClassMask" method="read" />
    <field type="int" name="EquippedItemInventoryTypeMask" method="read" />
    <field type="uint" name="Effect1" method="read" />
    <field type="uint" name="Effect2" method="read" />
    <field type="uint" name="Effect3" method="read" />
    <field type="int" name="EffectDieSides1" method="read" />
    <field type="int" name="EffectDieSides2" method="read" />
    <field type="int" name="EffectDieSides3" method="read" />
    <field type="int" name="EffectBaseDice1" method="read" />
    <field type="int" name="EffectBaseDice2" method="read" />
    <field type="int" name="EffectBaseDice3" method="read" />
    <field type="float" name="EffectDicePerLevel1" method="read" />
    <field type="float" name="EffectDicePerLevel2" method="read" />
    <field type="float" name="EffectDicePerLevel3" method="read" />
    <field type="float" name="EffectRealPointsPerLevel1" method="read" />
    <field type="float" name="EffectRealPointsPerLevel2" method="read" />
    <field type="float" name="EffectRealPointsPerLevel3" method="read" />
    <field type="int" name="EffectBasePoints1" method="read" />
    <field type="int" name="EffectBasePoints2" method="read" />
    <field type="int" name="EffectBasePoints3" method="read" />
    <field type="uint" name="EffectMechanic1" method="read" />
    <field type="uint" name="EffectMechanic2" method="read" />
    <field type="uint" name="EffectMechanic3" method="read" />
    <field type="uint" name="EffectImplicitTargetA1" method="read" />
    <field type="uint" name="EffectImplicitTargetA2" method="read" />
    <field type="uint" name="EffectImplicitTargetA3" method="read" />
    <field type="uint" name="EffectImplicitTargetB1" method="read" />
    <field type="uint" name="EffectImplicitTargetB2" method="read" />
    <field type="uint" name="EffectImplicitTargetB3" method="read" />
    <field type="uint" name="EffectRadiusIndex1" method="read" />
    <field type="uint" name="EffectRadiusIndex2" method="read" />
    <field type="uint" name="EffectRadiusIndex3" method="read" />
    <field type="uint" name="EffectApplyAuraName1" method="read" />
    <field type="uint" name="EffectApplyAuraName2" method="read" />
    <field type="uint" name="EffectApplyAuraName3" method="read" />
    <field type="uint" name="EffectAmplitude1" method="read" />
    <field type="uint" name="EffectAmplitude2" method="read" />
    <field type="uint" name="EffectAmplitude3" method="read" />
    <field type="float" name="EffectMultipleValue1" method="read" />
    <field type="float" name="EffectMultipleValue2" method="read" />
    <field type="float" name="EffectMultipleValue3" method="read" />
    <field type="uint" name="EffectChainTargets1" method="read" />
    <field type="uint" name="EffectChainTargets2" method="read" />
    <field type="uint" name="EffectChainTargets3" method="read" />
    <field type="uint" name="EffectItemType1" method="read" />
    <field type="uint" name="EffectItemType2" method="read" />
    <field type="uint" name="EffectItemType3" method="read" />
    <field type="int" name="EffectMiscValue1" method="read" />
    <field type="int" name="EffectMiscValue2" method="read" />
    <field type="int" name="EffectMiscValue3" method="read" />
    <field type="uint" name="EffectTriggerSpell1" method="read" />
    <field type="uint" name="EffectTriggerSpell2" method="read" />
    <field type="uint" name="EffectTriggerSpell3" method="read" />
    <field type="float" name="EffectPointsPerCombo1" method="read" />
    <field type="float" name="EffectPointsPerCombo2" method="read" />
    <field type="float" name="EffectPointsPerCombo3" method="read" />
    <field type="uint" name="SpellVisualID" method="read" />
    <field type="uint" name="SpellVisualID2" method="skip" />
    <field type="uint" name="SpellIconID" method="read" />
    <field type="uint" name="ActiveIconID" method="read" />
    <field type="uint" name="SpellPriority" method="skip" />
    <field type="comment" name="Comment" method="read" />
    <field type="string" name="Comment" method="skip" />
    <field type="string" name="Comment" method="skip" />
    <field type="string" name="Comment" method="skip" />
    <field type="string" name="Comment" method="skip" />
    <field type="string" name="Comment" method="skip" />
    <field type="string" name="Comment" method="skip" />
    <field type="string" name="Comment" method="skip" />
    <field type="uint" name="mnameflag" method="skip" />
    <field type="string" name="mnameSubtextlang1" method="skip" />
    <field type="string" name="mnameSubtextlang2" method="skip" />
    <field type="string" name="mnameSubtextlang3" method="skip" />
    <field type="string" name="mnameSubtextlang4" method="skip" />
    <field type="string" name="mnameSubtextlang5" method="skip" />
    <field type="string" name="mnameSubtextlang6" method="skip" />
    <field type="string" name="mnameSubtextlang7" method="skip" />
    <field type="string" name="mnameSubtextlang8" method="skip" />
    <field type="uint" name="mnameSubtextflag" method="skip" />
    <field type="string" name="mdescriptionlang1" method="skip" />
    <field type="string" name="mdescriptionlang2" method="skip" />
    <field type="string" name="mdescriptionlang3" method="skip" />
    <field type="string" name="mdescriptionlang4" method="skip" />
    <field type="string" name="mdescriptionlang5" method="skip" />
    <field type="string" name="mdescriptionlang6" method="skip" />
    <field type="string" name="mdescriptionlang7" method="skip" />
    <field type="string" name="mdescriptionlang8" method="skip" />
    <field type="uint" name="mdescriptionflag" method="skip" />
    <field type="string" name="mauraDescriptionlang1" method="skip" />
    <field type="string" name="mauraDescriptionlang2" method="skip" />
    <field type="string" name="mauraDescriptionlang3" method="skip" />
    <field type="string" name="mauraDescriptionlang4" method="skip" />
    <field type="string" name="mauraDescriptionlang5" method="skip" />
    <field type="string" name="mauraDescriptionlang6" method="skip" />
    <field type="string" name="mauraDescriptionlang7" method="skip" />
    <field type="string" name="mauraDescriptionlang8" method="skip" />
    <field type="uint" name="mauraDescriptionflag" method="skip" />
    <field type="uint" name="ManaCostPct" method="read" />
    <field type="uint" name="StartRecoveryCategory" method="read" />
    <field type="uint" name="StartRecoveryTime" method="read" />
    <field type="uint" name="MaxTargetLevel" method="read" />
    <field type="uint" name="SpellFamilyName" method="read" />
    <field type="uint" name="SpellFamilyFlags1" method="read" />
    <field type="uint" name="SpellFamilyFlags2" method="read" />
    <field type="uint" name="MaxAffectedTargets" method="read" />
    <field type="uint" name="DmgClass" method="read" />
    <field type="uint" name="PreventionType" method="read" />
    <field type="uint" name="StanceBarOrder" method="skip" />
    <field type="float" name="DmgMultiplier1" method="read" />
    <field type="float" name="DmgMultiplier2" method="read" />
    <field type="float" name="DmgMultiplier3" method="read" />
    <field type="uint" name="MinFactionID" method="skip" />
    <field type="uint" name="MinReputation" method="skip" />
    <field type="uint" name="RequiredAuraVision" method="skip" />
  </Spell>
</DBFilesClient>
